team_id,rating,name,acronym
99566405130451785,2504222091.871587,Cloud9 Challengers,C9
103461966971048042,-1099776053.9623516,Evil Geniuses Challengers,EG
98926509885559666,2.383896778651331e+25,Team Liquid Honda,TL
98767991860392497,9.421585005124566e+24,TSM,TSM
98926509892121852,-9.098852016700921e+24,FlyQuest,FLY
99294153824386385,3.4134942815842426e+25,Golden Guardians,GG
99294153828264740,-7.894217202635318e+25,100 Thieves,100
98767991877340524,6.90112147869513e+24,Cloud9,C9
98767991930907107,-1.1141338853759184e+26,Immortals Progressive,IMT
98926509883054987,-1.3416272305748407e+26,Dignitas,DIG
98926509884398584,-1.837486687020387e+23,CLG,CLG
103461966981927044,1442381127.509902,Dignitas Challengers,DIG
103461966975897718,386017264.2477612,Immortals Progressive Challengers,IMT
99566405123587075,41078142.7156817,CLG Challengers,CLG
99566405124618295,9057164225.644543,Team Liquid Honda Challengers,TL
99566405126602853,2301096266.1762795,FlyQuest Challengers,FLY
99566405127798575,-108695820.21319446,TSM Challengers,TSM
99566405128626825,-177670186.3065539,100 Thieves Challengers,100
99566405129589291,120530355.08281204,Golden Guardians Challengers,GG
103461966951059521,9.421585005124566e+24,Evil Geniuses LG,EG
103461966965149786,-1.804337985900052e+26,MAD Lions,MAD
98767991940181526,-1.618077921851053e+20,Misfits Gaming,MSF
99322214689444546,2.3518437141817554e+22,Schalke 04 Esports,S04
99322214695067838,-1.3010682926769259e+26,Team Vitality,VIT
98767991926151025,5.412084516469289e+26,G2 Esports,G2
98767991866488695,5.119913822995562e+26,Fnatic,FNC
101383793567806688,-1.462650753184938e+26,SK Gaming,SK
101383793569248484,-1.2449873158957528e+26,Astralis,AST
101383793574360315,-1.0043982651252674e+26,KOI,KOI
101383793572656373,-1.593542696274126e+26,EXCEL,XL
100205576309502431,-8.164073907419124e+23,FURIA,FUR
99566408221114231,-2.178167181177228e+24,KaBuM! Esports,KBM
99566408219409348,2.2664830783331448e+23,Vivo Keyd Stars,VKS
99566408217955692,1.3217627699784403e+24,paiN Gaming,PNG
99566408217116828,2.2802622530339013e+23,INTZ,ITZ
101383793195758800,-36.23543916641321,Redemption Porto Alegre,RDP
100205576307813373,4.152592450421819e+20,Flamengo ,FLA
99566408222831088,-1.818808678678863e+24,Liberty,LBR
98767991959203254,369.1489065411955,Team oNe e-Sports,ONEE
99566406332122275,-5822.005869419997,Avant Gaming,AV
99566406338282437,-9.610108611407034e+21,ORDER,ORD
98767991921462763,-2.122348706530495e+23,Dire Wolves,DW
99566406332987990,-9.880809582340924e+24,The Chiefs,CHF
99566406334639907,-1537067823898.2556,Legacy Esports,LGC
101383792891050518,-4.975577370916744e+21,Gravitas,GRV
101383792887446028,-1.8141391170201803e+22,MAMMOTH,MEC
103535282124208038,-6.94840248486227e+22,Pentanet.GG,PGG
98767991949608898,-139914143047973.5,Fenerbahçe Espor,FB
102235771678061291,4.4495195014863374e+23,DenizBank İstanbul Wildcats,IW
99566406069969565,-5978257428923610.0,Info Yatırım Aurora,AUR
99566406065437842,-2.8190767604328005e+22,Dark Passage,DP
99566406066182955,-6.4166391265644775e+22,GALAKTICOS,GAL
99566406070802758,-4607.279549689003,Royal Youth,RYL
99566406064558732,-1.3213182452705735e+20,Papara SuperMassive ,SUP
103495716886587312,-4.557345828847176e+22,Beşiktaş,BJK
103495716836203404,-3.7763891594430624e+22,5 Ronin,5R
103535282138043022,5240216045.0322,Fenerbahçe Espor Akademi,FB
103535282158162659,4766253874.811816,DenizBank İstanbul Wildcats Akademi,IW
103535282140533402,5271639797.017444,Beşiktaş Akademi,BJK
103535282143744679,1801016704.6816351,Dark Passage Akademi,DP
103535282146169523,-1378649537.0086176,Info Yatırım Aurora Akademi,AUR
103535282148790975,-295503195.70412827,GALAKTICOS Akademi,GAL
103535282151674574,12120.900029988172,Royal Youth Akademi,RYLA
103535282135552642,-1565776197.957845,Papara SuperMassive Blaze Akademi,SMB
103535282113853330,-22546621118.989666,5 Ronin Akademi,5R
100205573496804586,-1.0071018476239704e+27,Hanwha Life Esports,HLE
99566404581868574,-8.636138739120265e+28,Kwangdong Freecs,KDF
102747101562758215,-4579850.251020458,SeolHaeOne Prince,SP
100725845018863243,2.452389298699504e+27,Dplus Kia,DK
100725845022060229,-1.6039900564611197e+28,Liiv SANDBOX,LSB
98767991853197861,2.838389155064207e+28,T1,T1
99566404579461230,7.45351730374876e+28,kt Rolster,KT
99871276356460471,-694.2549018200962,Griffin,GFF
99566404585387054,-3.8916009572832945e+27,DRX,DRX
100205573495116443,9.63578031323701e+28,Gen.G,GEN
102747101565183056,6.297773031823976e+27,NongShim REDFORCE,NS
104016416551172375,-338.79468976357816,Seorabeol Gaming,SRB
101428372603715124,-1.5718449560899367e+26,Crest Gaming Act,CGA
101428372605353526,2.8766218409778013e+26,Sengoku Gaming,SG
101428372607057464,-3.0834588176686255e+25,AXIZ,AXZ
103535282119620510,8.088649595633886e+25,Fukuoka SoftBank HAWKS gaming,SHG
101428372598668846,4.060360762272089e+25,Burning Core,BC
100285330168091787,1.6908027040385557e+26,DetonatioN FocusMe,DFM
101428372602011186,-4.301044830770837e+26,V3 Esports,V3
101428372600307248,-1.844474314273408e+21,Rascal Jester,RJ
99566408561605102,-4.097633006512589e+20,XTEN Esports,XTN
98767991935149427,-1.3289828571821503e+24,Movistar R7,R7
99566408562477641,-2.547878546912816e+24,INFINITY,INF
101383792559569368,-3.015031680762082e+24,All Knights,AK
99566408358330419,-2.1702360126676435e+24,Isurus,ISG
99566408356697119,-4.703766604028285e+23,Furious Gaming,FG
99566405944694628,-1906.0288413203511,Pixel Esports Club,PIX
102825747701670848,-58.30004582968195,Azules Esports,UCH
103935421249833954,-26306841260009.953,MAD Lions Madrid,MADM
103935523328473675,1224.3090626143148,K1CK Neosurf,K1
103935468920814040,1.4451373341282413e+24,Team GO,GO
102787200134790084,9211.666570023795,HMA Fnatic Rising,FNCR
103877625775457850,3.8239275553293784e+23,Movistar Riders,MRS
102787200155434012,-24166418602168.24,JD|XL,JDXL
103877675241047720,-1.287023268810624e+22,LDLC OL,LDLC
102787200120306562,7.905781389410819e+21,Mousesports,MOUZ
103935530333072898,-1498466343310215.5,AGO Rogue,RGO
102787200129022886,-2.840875706329146e+21,eSuba,ESB
103935567188806885,428.6788175247424,Energypot Wizards,EWIZ
103935642731826448,-7398.59896042825,Sector One,S1
102787200145472495,320.0075014898634,Defusekids,DKI
103877554248683116,731.8910760670706,Schalke 04 Evolution,S04E
103877891572305836,-13724596937027.857,Team Singularity,SNG
103877908090914662,315.9116748851162,Kenty,KEN
102787200130988976,-9396.482651724002,ASUS ROG Elite,ASUS
103877589042434434,-3.2214340043815236e+23,GamerLegion,GL
103877879209300619,279.1764550753529,Vipers Inc,VIP
103877756742242918,525.6275833352333,Racoon,RCN
103878020539746273,-1.547214740100101e+22,EGN Esports,EGN
103877976717529187,434.9680047272828,Intrepid Fox Gaming,IF
103877951616192529,156.71954560480833,Cyber Gaming,CG
102787200132955066,-1.3043095539986203e+20,FTW Esports,FTW
103877925817094140,241.28734041738755,PIGSPORTS,PIG
102787200126663579,4.976799984893291e+19,Giants,GIA
103877774634323825,332.71642128806985,YDN Gamers,YDN
102787200149928963,-6.592051516591251e+22,WLGaming Esports,WLG
99566404855553726,-7.159574273262348e+28,FunPlus Phoenix,FPX
99566404852189289,1.2984560264909789e+29,Beijing JDG Intel Esports Club,JDG
99566404854685458,1.9703702764672235e+28,TOP ESPORTS,TES
99566404848691211,-2.080133863663254e+28,Invictus Gaming,IG
104212455500985426,386.16979714500377,LEC Kings,RITO
104212474149188693,401.8181818181818,Altokekw Españita,OLE
104234362586443283,378.1307287753569,German Pingus,PNGU
104234144258996303,379.32381667918855,POLSKA GUROM,POL
104211677548295324,356.0,Double Crunch Team Italy,DCTI
104228817622043824,498.557475582269,The French Zoo,FZO
101422616509070746,2944962757606819.5,Galatasaray Espor,GS
103743162394217975,460.703529626956,Santos HotForex,SAN
104251016988118464,4615779562.449998,Galatasaray Espor Akademi,GS
101428372830010965,-235232347871.94098,Alpha Esports,ALF
99566406493155041,81651340822.35918,Machi Esports,MCX
104367068120825486,3.6903738532798654e+25,PSG Talon,PSG
98767991897792379,-124198080996.76488,Hong Kong Attitude,HKA
98767991846127102,1065.4130163219293,ahq eSports Club,AHQ
99566406490127625,-3.3062387146372306e+24,J Team,JT
104367072827489994,-34945745087.39377,Berjaya Dragons,BJD
104367099322647716,-92832211161.33188,Liyab Esports,LYB
104710369093939895,924.9720944668884,SuppUp eSports,SSU
104710359142494900,-14750077489799.98,Samsung Morning Stars,SMS
104710343016706538,798.6620434393515,7more7 Pompa Team,PT7
103935446548920777,-27503577942767.086,Misfits Premier,MSFP
104710354840711661,-5.938716524267878e+20,Riddle Esports,RDL
104710316579222193,-6200550318885.572,G2 Arctic,G2AR
104710678170825211,2.5333708923198065e+21,SINNERS Esports,SIN
104710373370426042,556.2719853829602,CR4ZY,C4
104710383210356454,-5303.473234396843,LowLandLions,LION
104710682193583854,3.2374481914533865e+20,Topo Centras Iron Wolves,WOLF
99566404846951820,-4.330214402014909e+28,LGD GAMING,LGD
99322214684939974,19185302384628.4,Unicorns of Love,UOL
99566404853058754,1.28411075160277e+28,WeiboGaming FAW AUDI,WBG
99124844355850858,398.1818181818182,LCS All-Stars,LCSS
99124844361058275,380.0,CBLOL All-Stars,BR
105357803054359120,443.6363636363636,Bwipo Dream Team,BWI
105357804699574324,356.3636363636364,CoreJJ Dream Team,CJJ
105352091319919029,380.0,LCS Legends,LCSL
105301786369976273,420.0,LEC Legends,LECL
105301791701328923,380.0,LEC Queue Kings,LECQ
105351835580819729,420.0,LCS Queue Kings,LCSQ
105193385417106233,421.8181818181818,LLA All-Stars,LLA
99124844358677975,398.1818181818182,LEC All-Stars,LEC
99124844362174905,380.0,TCL All-Stars,TCL
99124844353216570,400.58361391694723,LCK All-Stars,LCK
99124844356912967,306.1638608305275,LPL All-Stars,LPL
105193481874236222,421.8181818181818,LCL-All-Stars,LCL
105351737774956843,420.0,LPL Legends,LPLL
105301773561628001,380.0,LCK Legends,LCKL
105301755072677196,420.0,LCK Queue Kings,LCKQ
105351724613755142,380.0,LPL Queue Kings,LPLQ
105193571520283762,424.0,OPL All-Stars,OPLO
99124844354766222,420.3636363636364,PCS All-Stars,PCS1
105193554293818475,424.0,LJL All-Stars,LJL
105301877841257613,424.8888888888889,VCS All Stars,VCS
105521706535388095,3.6953493533787947e+22,Anorthosis Famagusta Esports,ANO
105521637552587612,-2.760488897029615e+22,Team Phantasma,TP
105520786527322647,-2.9451833165595904e+22,KRC Genk Esports,GENK
105520788833075738,-7995.152782106552,KV Mechelen Esports,KVM
105520796734358045,-2.6036274973750447e+22,Team 7AM,7AM
105520784254806142,-14690.575241093025,ION SQUAD,ION
105520781900097659,67.90393147947444,4 Elements,4E
105521293297166647,-4.870125811726719e+22,Hell Zerolag Esports,HELL
105521504308341229,-7416376151819.307,Team Refuse,RFS
105521451717484016,1203586451156.256,Hive Athens EC,HIVE
105521239281281237,-2275.1932324627505,CowBoySquad Imperials Esports,CBI
105521674055625312,-2.4648525640370674e+22,Gamespace Mediterranean College Esports,GSMC
105520826536746180,-230.54713988786318,Team THRLL,TRL
105520816474194464,-55.248333055259735,Dynasty,DYN
105520819263036609,-28723205584825.805,The Agency,AGC
105520822049210915,-2.1258825108075977e+20,mCon esports,MCON
105520824521753126,-146.39145524071168,PSV Esports,PSV
105536952747658409,-1311.5081811353366,MKERS,MKS
105536738266035235,-2.88447246978053e+20,Cyberground Gaming,CGG
105536918475957734,1.72694096766859e+23,Macko Esports,MCK
105536773074826367,-219655461061532.22,GGEsports,GGE
105537226118106446,-5.6687786053800224e+20,Axolotl Esports,AXL
105537149834356301,-8.871676104276787e+20,Anc Outplayed,OP
105536980594429116,174.45440697829304,Romulea eSport,RML
105505619546859895,-1.0072986298375595e+29,OKSavingsBank BRION,BRO
105397404796640412,6.06408331997839e+23,LOUD,LLL
105397399468432537,1.376799956062469e+20,Miners,NMG
105547976546505145,73.24309766176694,Team Infamous,IFM
105543843212923183,-2434490480225.323,Goskilla,GSK
104202382255290736,-1.4892405211073083e+21,RENSGA,RNS
99566408221961358,4.561141600410806e+23,RED Kalunga,RED
105548000936710641,-550.5477012359293,Method2Madness,M2XX
105548019132871601,-4260.555852603187,Medieval Riga,MDVL
105550051809743868,-9914901581.91569,Liiv SANDBOX Youth,LSB
105550026570060790,284257043287.9813,DK Challengers,DK
105550042327365041,-142203453035.8249,Gen.G Global Academy,GEN
105550047979361273,-36679585215.43904,HLE Challengers,HLE
105550049871017396,-22993865793.795303,kt Challengers,KT
105550059790656435,-27383761033.492725,T1 Esports Academy,T1
105550036134585264,-47904752746.67223,BRO Challengers,BRO
105550054006182911,5632720125.785438,NONGSHIM ESPORTS ACADEMY,NS
105537444152141556,918.0036987556193,Herbalife Real Betis,BTS
105550033967461806,17507785634.43062,DRX Challengers,DRX
105550024238752685,-20317225641.05751,KDF Challengers,KDF
105532840001188717,-519.7426669966235,S2V Esports,S2V
105537408539332006,-1036.424315894481,eMonkeyz SDH,EMZ
105532791598779236,-1.1485235774207441e+20,UCAM,UCAM
102787200153467923,-1855.1467149839646,BCN Squad,BCN
105537621677160078,-210.40987091350678,Team Queso,TQ
105550003470349739,-15429.946074530231,Rensga Academy,RNS
105550005698683818,4136.425879612672,Liberty Academy,LBR
105519977854458717,-732.0329927224078,Nordavind,NVD
105519562229907355,584.8826932921279,Barrage Esports,BRG
105520077508552574,1206.5271597202484,Tricked Esport,TRC
105519846782566525,2312052630592.711,MnM Gaming,MNM
105519945593890595,-857.3302427283681,KOVA Esports,KOVA
105520713962793016,571.9877308178015,Granit Gaming,GRNT
102787200159169580,-2477.369355095493,Godsent,GOD
105519746234964687,1130539417118226.0,Dusty,DY
105504044166670507,2.4885155144614034e+23,Unicorns of Love Sexy Edition,USE
105559480124455983,5.429962584131631e+23,SK Gaming Prime,SKP
102787200136756173,2.843321805213565e+23,Berlin International Gaming,BIG
105503778424809514,-2340.0212916138316,EURONICS Gaming,ESG
105503535895066182,-86366982668356.27,Wave Esports,WAVE
105503848339138647,-241649393380420.75,PENTA 1860,PTA
105503948999800557,3.7082450169275448e+22,E WIE EINFACH E-SPORTS,EWI
105521408363571548,2.571847717147339e+21,Illuminar Gaming,IHG
102787200138722262,-7362072550773.797,Devils.One,DV1
105521419784127190,-6.759765402650963e+21,Komil&Friends,KNF
105521412995449549,3.874172502693574e+20,Team ESCA Gaming,ESCA
105521402545275594,-2454713012925.758,Gentlemen's Gaming,GGM
105549991104165282,-9338.703394085127,FURIA Academy,FUR
105550001032913831,2318.0262730593267,RED Academy,RED
105549988405523871,-6013.10160851181,Flamengo Academy,FLA
105549998884468136,14127.34141551486,paiN Academy,PNG
105549997263803379,1991.4601014060854,LOUD Academy,LLL
105549995617170853,2166.413645887009,KaBuM! Academy,KBM
105549993449477104,-359.5052182929353,INTZ Academy,ITZ
105549984475833252,197.16414526080212,Cruzeiro Academy,CRZA
105514907449611976,-9.502091386623216e+21,Team BDS Academy,BDSA
105514967858969605,1.3192168903172917e+21,GameWard,GW
105515345386578249,-2.5099172125120273e+20,Solary,SLY
105515266817621145,-1288.0685063157482,Team MCES,MCES
102787200151698443,-3.1354484689818427e+21,Vitality.Bee,VITB
105515219038427019,1.0647181957144605e+23,Karmine Corp,KC
105515109012592449,-6.385911817487413e+21,IZIDREAM,IZI
105537947396116202,4091636344.7671375,NASR ESPORTS Akademi,NSR
105536643047197642,-1.0014688691806574e+23,NASR ESPORTS,NASR
105593213115128994,-6898797023553.311,Dark Tigers,DTG
105593129376630217,-135.43910678401295,Vikingekrig Esports,VIK
105593182576105603,-2.751746989666207e+23,BRUTE,BRT
105593278887024877,-361.93159516619073,Inaequalis,INAE
105593311172904657,-14.807917230969764,Eclot Gaming,ECT
105593161016793151,-1.455985890323322e+22,Inside Games,ING
105594163014588871,-2.638461132383585e+21,Boavista F.C,BFC
105594135137147298,-4.282022245981127e+22,White Dragons,WD
105593951536470384,-3.982205295290762e+22,GTZ Esports,GTZ
105594101461473671,-117850.26792295762,Karma Clan Esports,KRM
105594116005157262,-62142.303004675545,OFFSET Esports,OFF7
105594176887807460,-4560.952916782799,EFIVE Esports,E5
105553606349477427,2.7053160157153167e+21,Zero Tenacity,Z10
105553729458550723,-1238747920876.6538,Nexus KTRL,NXK
105554088239949229,822.8644737661343,x25 Esports,X25
102787200124959636,-4.936972922304933e+19,Crvena Zvezda Esports,CZV
105553684493690219,-3053021200532.8633,Split Raiders,STR
104841890701948065,-1.0922691924013452e+24,Estral Esports,EST
98767991916844003,-294186008257.23395,Kaos Latin Gamers,KLG
103963753080578719,1375260918796.6157,CrowCrowd Moscow,CC
104270958001747936,24947438422577.17,One Breath Gaming,OBG
103963715924353674,-6475145261398.163,Dragon Army,DA
101978171843206569,-25600192543605.848,Vega Squadron,VEG
98767991871709842,935037.3342635232,Gambit Esports,GMB
105663527959374033,-16580190399580.994,CTRL PLAY Team,CPT
100289931264192378,2944456224462.345,Team Spirit,TSPT
105913221137618666,1011.7837909710352,No Org,NOR
105957640798249312,363.60618448870287,Barrage.NA,BRG
105913232697120493,-57142.35211536994,EG Prodigies,EG
105913111502565010,-276.45038125981705,Zoos Gaming,ZOOS
105957603362200620,-461.2405777984352,Dignitas Mirage,DIGM
105913238372341488,123138530.49979925,Wildcard,WC
98767991892579754,2.1062876701438096e+28,Royal Never Give Up,RNG
106250732506012141,826.6548237976904,Umbra Divinus Gaming,UDGG
106301891501674861,-4912.929011836846,PDW,PDW
106300533256999014,-1001.5818922933395,Starlan Gaming Club,SGC
106295024192678387,-284.7836709060608,Gaia Esports,GAIA
106302119383559530,1074.4238263626758,Galaxy Racer,GXR
106222632206917342,-12.348612773061404,Resolve,RSV
106334794714373670,-2258.1376050351146,Goexanimo,GOEX
106334802515490809,-3199.0216714643643,Wortex,WTX
106371176555003349,-6212.309300629123,NK Osijek Esport,NKOS
106371141659311452,-2.548436776337075e+20,Valiance PRO GAME,VPG
105709099258505657,-9.977774143441484e+21,PEACE,PCE
106382545123328648,4.662264500167984e+21,Dynamo Eclot,DNE
106421708401759879,5142275484688.297,Black Star Gaming,BSGG
106269818143576465,10725894884.707806,BOOM Esports,BME
106269804045322803,2.7434204206072807e+25,Beyond Gaming,BYG
106269859169658575,-6.560377100545831e+24,Impunity Esports,IMP
106827765448944398,-3012.2812599242952,DFM Academy,DFM
106827827857159558,10292.386639489356,V3 Academy,V3
106827839261303409,4618.545386369751,CGA  Academy,CGA
106827815539026710,-34.34943267680431,RJ Academy,RJ
106827832203113865,7551.222068687859,SHG Academy,SHG
106827844148688268,10332.386639489356,SG Academy,SG
106827823550343961,-16304.607862756844,AXZ Academy,AXZ
106827848618374543,-8125.820059531326,BC Academy,BC
106806779752531762,1.0716957392461697e+23,Globant Emerald Team,GET
106806773698472633,-1.367435731435609e+24,Team Aze,AZE
106857739520697600,929071.4554189222,100 Next,100X
106857755268998406,232.52140808605313,Resolve,RSV
106857724782292541,-1211.491256797857,C9 Amateur,C9AM
106857761435870473,-10556870697.776451,Supernova,SN
106857734387052095,-2969929761.2251368,AOE Gold,AOE
98767991882270868,-1.147505161389067e+28,SHANGHAI EDWARD GAMING HYCAN,EDG
99566404850008779,-3.1548768844079374e+27,Suzhou LNG Esports,LNG
107251941920386009,-16262.873366028083,BTS ESPORTS,SKY
107251307514079872,5247.260858930336,LXE ESPORTS,LX
98767991954244555,1.6202879280973397e+24,GAM Esports,GAM
107251374793416561,1.1098754962451769e+23,CERBERUS ESPORTS,CES
107258254469504696,-3.1658476544264595e+24,Team Flash,TF
107251245690956393,4.653608631859701e+24,Saigon Buffalo Esports,SGB
107251295460371069,5.896876145884807e+24,Team Secret,TS
107251231972989211,-1.8930020565675515e+25,SBTC ESPORTS,SE
107563714667537640,-1.740994335353794e+26,Team BDS,BDS
107416342401528388,1.2607712497653706e+21,Maturalni Forsaken,MFSK
107416483509696259,2.3815297640694522e+23,Eintracht Spandau,EINS
107423083507599175,-2187131040173490.2,Vanir,VNR
107423075317119707,297187106734584.44,X7,X7
107456419134134246,-5146759532498.479,Astralis Talent,ASTL
107423109717243380,1477262092572.8086,Bifrost,BFR
107423086908356081,-81333892312.1543,Nyyrikki,NKI
107456284318482723,-44573771645339.375,Mirage-Elyandra,ME
107468079354897663,-117665919192493.5,Team Oplon,OPL
107467834753797729,-1.1246535724959566e+23,Bisons,BSO
107467827374313054,-1.5900817998850503e+20,Finetwork KOI,FNK
107467794614674479,-2.113992209805019e+20,FnaticTQ,FNTQ
107422385694193066,1.9504445170539545e+19,Barça Esports,BAR
107467803833323099,-7.363154069042828e+19,Los Heretics,HRTS
107597866344501908,-2516322245226.5845,Auxesis Esports,AUX
107597858964689090,-8608.917061507556,SOVEJA,SVJ
107597875833524424,-3.953954470002368e+23,Diamant Esports,DIA
107597870621708485,6.104431369817218e+19,Cyber Wolves Esports,CWE
107574959289974368,-3.765349793821495e+21,Odivelas Sports Club,OSC
106250729133367861,-2107688111194.7449,Olympiacos Alimou esports,GOAL
107575082591536093,1.8571523801071227e+22,Entropiq,EIQ
107179722233063345,-1.64066293815303e+22,Cryptova,OVA
107456994699991548,2.1792061632308136e+21,Atleta Esport,ATE
107110686951738484,-79221724952946.19,Esports Empire,EE
107581209070519555,-278279.9162115106,Atomic Esports,MC2
107581212180071788,-39110255.975594476,Peek Gaming,PK
107581206998502078,120580.74941786565,Atheris Esports,ATH
107581300297680248,19297847.027133267,Zylant Esports,ZLT
107581178720470377,-63946.12589170828,Arctic Gaming,ARC
107581296208168309,-112975053.51606646,Tomorrow Esports,TMR
107581284487120142,-1.9001772978417043e+24,Six Karma,6K
107581287168722290,1.6095786040921093e+22,The Kings,TK
107437032053655867,-1.5521289653373518e+23,Kanga Esports,KNG
106302593752767294,-4453.1724578625735,Miners Academy,NMG
107599089191671351,-76228778011639.97,Santiago Wanderers,SW
107599156601411192,64673385668738.16,Movistar Optix,MOX
107599112065439311,-196282455912155.44,Dark Horse,DHX
107599040773840060,-1.4502409828047343e+23,Meta Gaming,MG
107598982142057588,241083537571765.5,Cruzados Esports,UC
107599174108436104,-281591353333637.6,Rebirth Esports,RBT
107599188771591359,-109382517538877.55,Wolf Club Gaming,WCE
107581689894520368,229724436.37071514,Bandits Gaming,BAN
107581765633427097,81714572.82486999,Fuego,FUE
107581733744920199,-234.09405697565938,Goat Esports,GOT
107581738783262346,1996.0194510362562,Gravity Elite,GVE
107581750701049485,-78705792.98204082,Janus Esports,JNS
107581755241449104,7491.41164914255,Red Rooster,RRR
107581759470356115,113304220.23629898,Saprissa Esports,SAP
107581761958954646,-106043.51083592352,Vandals Esports,VAN
107599061926073885,-149873981339531.75,Newstar,N5R
107599144012469862,-165303676047417.78,Maze Gaming,MAZ
107582181197106556,-1938921.2288730256,Skull Cracker Clan,SKC
107582178455767077,-68705089.99751477,Pirate Dream,PD
107582157086477662,-74568932.45016995,Descuydado Aucas Esports,DSC
107582169874155554,84693.39371249816,God's Plan,GDP
107582150625414483,-30730.374100321966,AceS GaminG,ACS
107582176093752697,327.4154640755374,Hooked Esports,HK
107582184905264520,78479928.74415147,Waia Snikt,WS
107582173169864040,1023424.0667442024,GeekSide Esports,GSE
107603544245460197,-230326.2265775008,Ramo Awake Gaming,AWK
107603551467692884,-10.203439285434598,ELR Gaming,ELR
107603554304287575,398.5269517165549,King of Goats,KOG
107603548241713732,11908.271283090813,Braves Rising,BRR
107603600826620492,211631.43235413177,Zeus Kralik,Z5K
107603566520687175,-106439.4508292675,Team Mayan eSports,MYN
107603586980602718,-980.8829150824077,NOCTA,NOC
107603596915629288,-120864.88360462044,Spirituals,STS
107598788926820994,1.589663057289751e+23,Macro Pampas,PAM
107598712583969458,-1.0565676738230172e+23,EBRO,EBG
107598704067400262,-450225.43389928975,Stone Movistar,STM
107598785733448849,-1.011329003325847e+22,River Plate Gaming,RIV
107598878262940546,-1.1902232816081302e+23,Malvinas Rise,MVG
107598699275015260,-3.3210740802091057e+24,Leviatán Esports,LEV
104843437139220481,-1.595620219980303e+23,Undead BK,UBK
107598780504331406,-4.9895122364627e+22,Maycam Evolve,EV
107598805167594304,1.0782097943430043e+23,Wap Esports,WAP
107598764318774383,-161451.35872209622,KRÜ Esports,KRU
107598651997213225,-168290.02638255263,9z Gaming,9Z
107598683861013570,-1.9035576587907448e+22,Boca Juniors Gaming,BOC
107582591908138922,-134.92806753106225,Cienciano,CCC
107582613263241138,-49.848445440448685,Deliverance Esports,DVE
107582609836036013,-1.1468791459159794e+20,Diamond Doves,DD
107582638341246907,-123.79814671270985,Instinct Gaming,INS
107582598621022934,98.37314439211696,Club Deportivo Municipal,CDM
107582618156093368,2.1557263578496605e+20,Incubus,INC
107582641798795198,-2.2011702260171725e+23,Spectacled Bears,SB
107582615829368757,-248.13881653296818,Fantasy Gaming,FSY
107760667929003738,5.48089477563348e+24,Frank Esports,FAK
107700204561086446,-2.3562023551471734e+25,Deep Cross Gaming,DCG
107700199633958891,2.653750160497058e+25,CTBC Flying Oyster,CFO
107700211633200412,-2.633572865504458e+21,Meta Falcon Team,MFT
107700208463820785,-844520617897130.8,Hurricane Gaming,HG
107635420167535818,-1.804068223474778e+21,SEM9,S9
102141671183409133,-2570349706.91223,Maryville University,MU
107580499570181349,-280.2995546128107,Wildcard Aces,WCA
107953988302037900,-101.32874486377786,Maryville Saints,MU
107580444745581889,306.5741263181095,Immortals AOE,IMA
107580481273119961,-1364743.5644139554,Taco Gaming,TG
107580455322240324,179.17755579988264,No Team,NOT
107580483738977500,-781.103075010951,Winthrop University,WU
108159996371573462,477.62299202926954,Maryville University,MU
108159958519099117,450.409646847175,Bay State College,BAY
102141671185899507,444.81750262960185,University of Western Ontario,UWO
108159917648031455,657.1811874589891,UST Esports,USTE
108159890692353756,-6383.712709012857,St. Clair College,SCC
108160026618060825,477.9871185454544,UCI Esports,UCI
108159968741268165,496.8888417797479,Converse University,CVU
102141671181705193,437.52686838330715,Michigan State University,MSU
102141671182557163,365.8714996363637,Redbird Esports,UI
108203154514683518,1002.0044391703221,T1 Rookies,T1
108203164850614211,536.7036348590168,NS REDFORCE Academy,NS
108203166973601408,-103.04937312361992,Liiv SANDBOX Academy,LSB
108203169709977541,295.4008505411657,BRO Academy,BRO
108203159356403647,564.911532217579,Kwangdong Freecs Academy,KDF
108203173414485265,181.0176729910811,HLE Academy,HLE
108203161924300737,323.0112433444551,DRX Academy,DRX
108018637503819612,-6509.1397788137965,PRO42 Esports,P42
108319257932089006,-134312879.3947324,Osaka,OSK
108121047955658273,3706.606260098157,Aurelius Esports,AU
108319669531442279,-1227983.8380503948,Aguilas Doradas,AD
108131965235538611,-3.605450704678873e+20,Antares Esports,ANT
107580475800733004,331.0883249249459,Third Party,3P
108361575122450254,-2439945147.687814,Team Fish Taco,TACO
108361552741927561,9467573887.302105,Cincinnati Fear,FEAR
108361565719424734,-573265.9987495744,DK Crew,DKC
108361563004344389,-3135828650.873143,The Last Dance,LAST
108361578564310810,-2603847.857251041,Team Pending,TBA
108361550364038935,-290.0072405618401,AOE Randoms,AOER
108361570687544399,345.6212186255276,Jake's Kittens,JK
108361545122797332,1138961.623107622,AOE Ginger Turmeric,AGT
108361537886099513,293.8496766151827,300,300
108404211655217274,1.2642970092316662e+20,Partizan Esports,PAR
108517492697602721,-1.2190869914980858e+25,Dewish Team,DWT
108566004579728490,223.30395286011884,LARGE,LRG
108565997404381643,368.6534730886829,Tempest Gaming,TPG
109631326144414089,26951043.977630734,19 Esports,19
109631541326560210,-15538129.39227736,Reven Esports,RVN
109672446077514083,-14819491.215130065,The Kings Moon,TKM
108121051709036068,-125963.70199422992,Polar Squad,PLS
109672618694070633,-879940.3970107334,Aethernum Esports,AET
109631610813971977,127558.71123112913,Mezexis Esports,MZS
109631614501223948,-133770.8332329903,War Legion Esports,WLE
109539776003058530,-3.795468955032168e+23,Alior Bank Team,AB
109539873500788632,-7.738317273048048e+20,EXEED,EXD
109800832177252614,-1.921700918620955e+23,Orbit Anonymo,OAE
107599485973747723,-4.0323682160714653e+21,Grypciocraft Esports,GRP
107564135791716115,-5.964568209141147e+20,Guasones,GSNS
107564167676290839,-9.424153076951056e+19,Rebels,RBLS
107565448721890834,-3053855881124185.0,Domino Esports,DMN
107565493716773932,9.892536783839382e+21,Nativz,NTZ
109642690191894407,724934869756677.8,Ruddy Esports,RUD
108403526900459473,-443837611943209.0,UniQ Esports,UNIQ
107565477822627354,-485931214320954.25,Verdant,VER
109642680932009857,-3.369753254659975e+22,Nord Esports,NORD
109698855806033734,-1.59418727650885e+20,Universitario Esports,UE
109699042809864069,-2.156302851701721e+20,Vipers,VIPS
109699038581250169,-1.3123936537010035e+20,Red Eyes Esports,RDY
109698757443650056,3.77397157813674e+19,Mad Kings,MKE
109674814051390025,9.766311858734108e+23,Primate,PMT
109674808371974726,-1.02486672861647e+22,Newell's Esports,NOB
109669678317817381,2.1513177257211788e+22,FUT ESPORTS,FUT
109698026697016325,1176825.692807297,Barcelona BG,BBG
109698030312834058,-5427571.58544683,Genbu Gaming,GNGG
107456352597333899,-1.0738360267440497e+24,NNO Prime,NNO
107456355516438414,-2.0285318531682467e+22,Eintracht Frankfurt,SGE
109523293035238887,-3.8775869047833787e+21,Aegis,AEG
107450819235010833,1.7727505378233504e+23,BK ROG Esports,BKR
109671201259007744,240711771.52361506,Team Liquid Honda First,TLF
109671193729027761,-4443546516.77828,FLY FAM,FLYF
109675490370327425,-1.523139992049585e+23,Ground Zero,GZ
109675484017801229,-3.7969310038979746e+25,Team Bliss,TB
109782787975510889,-3433.223216354502,Native Gaming,N8V
109783023470714128,1883444323.428236,Team Tony Top,TONY
109783124183318312,8296.234466082626,University of St. Trevor,UST
107580497041999074,-1030.098671475345,Team Ambition,TA
109783149221216052,-2385.794060381015,Lit Esports,LIT
109783170393931575,-18668.403137740763,Conviction,CNV
109783130654973406,-6338.962362403319,Godel Gamers,GODL
109783160511364305,-1353.9422645747363,CB Gaming,CB
107580506699777259,-4053.446112416999,ISU Redbirds,ISU
109782867012820172,-6731.324944208841,Horizon Gaming,HZG
109783164711873455,-17589.087857340095,Zenigma,ZEN
109783136441695429,-12689.972289261412,Mirage,MRGE
109637393694097670,-7.5731600226783975e+25,Team Heretics,TH
109480204628225868,8.77190180059393e+23,Los Grandes,LOS
109480056092207899,4.7528070317249466e+23,FLUXO,FX
109676337359108345,-4.639424638026511e+22,Eclipse Gaming,ECG
108439036582886702,6.453226332526128e+21,BWE Esports,BWE
108078422885368642,-1.876441281648893e+22,Panathinaikos Esports,PAO
107655539755387391,-614884524403673.8,Varona Esports,VAE
109671413728531527,-3.818195118279218e+22,Pentagon Rejects,PTR
107067065368380132,-3.1253199274634977e+22,Wild Panthers Esports,WPE
107128093558481418,-2.7245730500354723e+20,ZennIT,ZNT
107179740624168899,9.537552277440004e+19,HEET,HEET
109539675734129088,-1.0721943925303022e+20,Northern Lions Esports,NLE
109704625422425316,-46606074304092.695,Benelux United,BLX
107693836459380354,-1.050596648798418e+22,SAMPI,SMP
109697686032800938,-859755385013076.0,XtremeDominators,XD
109697689430777005,-2.3631682418736418e+20,Ankora Gaming,ANK
109697683685398040,-2.004206078731891e+20,MAGAZA,MGZ
109485335453835911,15253.705097354243,Vivo Keyd Stars Academy,VKS
109485342651298305,4092.58390772698,FLUXO Academy,FX
109485351596724390,-3088.6917125393,Los Grandes Academy,LOS
109696138543579708,-7.232647573186418e+20,3BL Esports,3BL
109695924147263860,-2.743468927911173e+21,Triple Esports,TE
109696126554266494,1.0812640051280588e+21,Geekay Esports,GK
109696115986547257,-2.143604086457231e+19,Fox Gaming,FOX
109696092218588987,-1.3389802518126353e+21,Nigma Galaxy,NGX
109696073114910519,-4.497548503811911e+23,Anubis Gaming,ANB
109696047948627764,-3.674006708471702e+20,GNG Esports,GNG
109695910533747910,1.6126048336984463e+21,RAAD,RAAD
108352305932141947,-2.105370158222403e+23,DSYRE,DSYR
107648168744912288,-3.2526515457703637e+21,DREN Esports,DREN
108448995754333242,-129613560711415.9,webidoo Gaming,WBD
109668849651338559,2.7502458792673022e+25,FENNEL,FL
109692074894483834,-3.70804639292336e+24,West Point Esports,WP
109692071893352727,-2.1094298645220557e+24,Hell Pigs,HPS
108573042084687884,6.731442174742005e+24,TEAM WHALES,TW
109828279319224248,-1.2030378284369167e+25,MGN Box Esports,MBE
109981644490281844,-3444.0297291537026,Rock Bottom Esports,ROCK
109981647134921596,-125.38898553714738,CCG Esports,CCG
109981650516317055,1564.4383455653983,Mirage Alliance,MIR
109981678167856017,-5740.926530159566,Miracle,MRC
109981655738221109,237.30233837282628,Team Plink,CAT
99566404853854212,2.150276684002738e+28,Bilibili Gaming Pingan Bank,BLG
106972778172351142,2.3414409814180776e+25,NRG,NRG
110424397251619481,-8.975218530673065e+20,Myth Esports,MYTH
110424394375218208,-7.88889001349492e+19,A One Man Army,AOMA
110425005562048945,-4.2197565493974836e+21,Keypulse Esports,KYP
110425157952111645,-2087203252174840.8,Fourth Wall,4W
110383487456480967,-2.4867791800377906e+23,Vertex ESC,VTX
110418022381234710,-9.789149241874377e+18,SPIKE Syndicate,SPK
110492173877838150,1.1200101174027989e+21,Eternal Fire,EF
109749493607708438,-2.1881478479939012e+21,ENEMI3S,NM3
110428362822825796,-62087912.663039744,Disguised,DSG
110534749775658790,-2350.9966222281496,The Cheese Chasers,NPC
110534700622694005,-938.0571862293582,Aporia,APR
110534741480867943,-1431.2051542932122,Teamless Revenge,TRV
110534712174898632,-8159.663467468268,Blue Otter,BOL
110534696811298545,-625.6256422677228,Apex Mission Impossible,AMI
110534728305628996,-1387.4543202987354,Kelyx's Grandpa Gamers,OLD
110534724851488577,-305.12961673170435,Froggy Five,FROG
110534714934488523,-585.2585631415936,CB Gaming,CBG
110534751905120040,-992.2372335683731,Young Buffalos,YB
110534732558665825,-1362.5351351088252,Komodo,KMD
110506938087991033,-1717.482119147051,FL Academy,FL
110733864366329081,10.22399304841906,Team E Turner,TET
110733889090164854,-139.46933125388242,Return of the Middlesticks,ROTM
110733877357854829,418.54301284281087,Gentle Hearts Gaming,GHG
110733870612047344,929.4562673373622,Team Coachify,CFY
110733881542862348,322.57771722345586,Cold Hearted,COLD
